Workbook

Sheet 7月
A1: 学科 | B1: 3月任务 | C1: 在册学员 | D1: 在读学员 | E1: 行课率 | F1: 目前生均 | G1: 当日预排 | H1: 当日浮动 | I1: 当日实际 | J1: 明日预排 | K1: 月累计课时 | L1: 月完成率 | M1: 第一周任务 | N1: 第一周实际 | O1: 周完成率 | P1: 46082 | Q1: 46083 | R1: 46084 | S1: 46085 | T1: 46089 | U1: 第二周任务 | V1: 第二周实际 | W1: 周完成率 | X1: 46094 | Y1: 46095 | Z1: 46096 | AA1: 第三周任务 | AB1: 第三周实际 | AC1: 周完成率 | AD1: 46101 | AE1: 46102 | AF1: 46103 | AG1: 第四周任务 | AH1: 第四周实际 | AI1: 周完成率 | AJ1: 46108 | AK1: 46109 | AL1: 46110 | AM1: 46112 | AN1: 25年3月课时
A2: 初数北区 | B2: 1126 | C2: 91 | D2: 68 | E2: =D2/C2 -> 0.74725275 | F2: =K2/D2 -> 0 | G2: 105 | H2: =I2-G2 -> -105 | K2: =N2+V2+AB2+AH2 -> 0 | L2: =K2/B2 -> 0 | M2: =B2*0.28 -> 315.28 | N2: =SUM(P2:T2) -> 0 | O2: =N2/M2 -> 0 | U2: =B2*0.25 -> 281.5 | V2: =SUM(X2:Z2) -> 0 | W2: =V2/U2 -> 0 | AA2: =B2*0.25 -> 281.5 | AB2: =AF2 -> 0 | AC2: =AB2/AA2 -> 0 | AG2: =B2*0.25 -> 281.5 | AH2: =SUM(AJ2:AM2) -> 0 | AI2: =AH2/AG2 -> 0 | AN2: 936.5
A3: 初中物理 | B3: 1092 | C3: 90 | D3: 68 | E3: =D3/C3 -> 0.75555556 | F3: =K3/D3 -> 0 | G3: 81 | H3: =I3-G3 -> -81 | K3: =N3+V3+AB3+AH3 -> 0 | L3: =K3/B3 -> 0 | M3: =B3*0.28 -> 305.76 | N3: =SUM(P3:T3) -> 0 | O3: =N3/M3 -> 0 | U3: =B3*0.25 -> 273 | V3: =SUM(X3:Z3) -> 0 | W3: =V3/U3 -> 0 | AA3: =B3*0.25 -> 273 | AB3: =AF3 -> 0 | AC3: =AB3/AA3 -> 0 | AG3: =B3*0.25 -> 273 | AH3: =SUM(AJ3:AM3) -> 0 | AI3: =AH3/AG3 -> 0 | AN3: 847
A4: 初中英语 | B4: 1552 | C4: 69 | D4: 53 | E4: =D4/C4 -> 0.76811594 | F4: =K4/D4 -> 0 | G4: 110 | H4: =I4-G4 -> -110 | K4: =N4+V4+AB4+AH4 -> 0 | L4: =K4/B4 -> 0 | M4: =B4*0.28 -> 434.56 | N4: =SUM(P4:T4) -> 0 | O4: =N4/M4 -> 0 | U4: =B4*0.25 -> 388 | V4: =SUM(X4:Z4) -> 0 | W4: =V4/U4 -> 0 | AA4: =B4*0.25 -> 388 | AB4: =AF4 -> 0 | AC4: =AB4/AA4 -> 0 | AG4: =B4*0.25 -> 388 | AH4: =SUM(AJ4:AM4) -> 0 | AI4: =AH4/AG4 -> 0 | AN4: 1346
A5: 初中生化 | B5: 467 | C5: 78 | D5: 56 | E5: =D5/C5 -> 0.71794872 | F5: =K5/D5 -> 0 | G5: 26 | H5: =I5-G5 -> -26 | K5: =N5+V5+AB5+AH5 -> 0 | L5: =K5/B5 -> 0 | M5: =B5*0.28 -> 130.76 | N5: =SUM(P5:T5) -> 0 | O5: =N5/M5 -> 0 | U5: =B5*0.25 -> 116.75 | V5: =SUM(X5:Z5) -> 0 | W5: =V5/U5 -> 0 | AA5: =B5*0.25 -> 116.75 | AB5: =AF5 -> 0 | AC5: =AB5/AA5 -> 0 | AG5: =B5*0.25 -> 116.75 | AH5: =SUM(AJ5:AM5) -> 0 | AI5: =AH5/AG5 -> 0 | AN5: 772.5
A6: 初中文综 | B6: 742 | C6: 35 | D6: 18 | E6: =D6/C6 -> 0.51428571 | F6: =K6/D6 -> 0 | G6: 32 | H6: =I6-G6 -> -32 | K6: =N6+V6+AB6+AH6 -> 0 | L6: =K6/B6 -> 0 | M6: =B6*0.28 -> 207.76 | N6: =SUM(P6:T6) -> 0 | O6: =N6/M6 -> 0 | U6: =B6*0.25 -> 185.5 | V6: =SUM(X6:Z6) -> 0 | W6: =V6/U6 -> 0 | AA6: =B6*0.25 -> 185.5 | AB6: =AF6 -> 0 | AC6: =AB6/AA6 -> 0 | AG6: =B6*0.25 -> 185.5 | AH6: =SUM(AJ6:AM6) -> 0 | AI6: =AH6/AG6 -> 0 | AN6: 981.5
A7: 初数南区 | B7: 1364 | C7: 160 | D7: 125 | E7: =D7/C7 -> 0.78125 | F7: =K7/D7 -> 0 | G7: 70 | H7: =I7-G7 -> -70 | K7: =N7+V7+AB7+AH7 -> 0 | L7: =K7/B7 -> 0 | M7: =B7*0.28 -> 381.92 | N7: =SUM(P7:T7) -> 0 | O7: =N7/M7 -> 0 | U7: =B7*0.25 -> 341 | V7: =SUM(X7:Z7) -> 0 | W7: =V7/U7 -> 0 | AA7: =B7*0.25 -> 341 | AB7: =AF7 -> 0 | AC7: =AB7/AA7 -> 0 | AG7: =B7*0.25 -> 341 | AH7: =SUM(AJ7:AM7) -> 0 | AI7: =AH7/AG7 -> 0 | AN7: 1134.5
A8: 初中语文 | B8: 705 | C8: 56 | D8: 46 | E8: =D8/C8 -> 0.82142857 | F8: =K8/D8 -> 0 | G8: 30 | H8: =I8-G8 -> -30 | K8: =N8+V8+AB8+AH8 -> 0 | L8: =K8/B8 -> 0 | M8: =B8*0.28 -> 197.4 | N8: =SUM(P8:T8) -> 0 | O8: =N8/M8 -> 0 | U8: =B8*0.25 -> 176.25 | V8: =SUM(X8:Z8) -> 0 | W8: =V8/U8 -> 0 | AA8: =B8*0.25 -> 176.25 | AB8: =AF8 -> 0 | AC8: =AB8/AA8 -> 0 | AG8: =B8*0.25 -> 176.25 | AH8: =SUM(AJ8:AM8) -> 0 | AI8: =AH8/AG8 -> 0 | AN8: 581
A9: 总计 | B9: =SUM(B2:B8) -> 7048 | C9: =SUM('7月'!C2:C8) -> 579 | D9: =SUM('7月'!D2:D8) -> 434 | E9: =D9/C9 -> 0.74956822 | F9: =K9/D9 -> 0 | G9: =SUM('7月'!G2:G8) -> 454 | H9: =I9-G9 -> -454 | I9: =SUM('7月'!I2:I8) -> 0 | J9: =SUM('7月'!J2:J8) -> 0 | K9: =SUM(K2:K8) -> 0 | L9: =K9/B9 -> 0 | M9: =SUM(M2:M8) -> 1973.44 | N9: =SUM(N2:N8) -> 0 | O9: =N9/M9 -> 0 | P9: =SUM(P2:P8) -> 0 | Q9: =SUM(Q2:Q8) -> 0 | R9: =SUM(R2:R8) -> 0 | S9: =SUM(S2:S8) -> 0 | T9: =SUM(T2:T8) -> 0 | U9: =SUM(U2:U8) -> 1762 | V9: =SUM(V2:V8) -> 0 | W9: =V9/U9 -> 0 | X9: =SUM(X2:X8) -> 0 | Y9: =SUM(Y2:Y8) -> 0 | Z9: =SUM(Z2:Z8) -> 0 | AA9: =SUM(AA2:AA8) -> 1762 | AB9: =SUM(AB2:AB8) -> 0 | AC9: =AB9/AA9 -> 0 | AD9: =SUM(AD2:AD8) -> 0 | AE9: =SUM(AE2:AE8) -> 0 | AF9: =SUM(AF2:AF8) -> 0 | AG9: =SUM(AG2:AG8) -> 1762 | AH9: =SUM(AH2:AH8) -> 0 | AI9: =AH9/AG9 -> 0 | AJ9: =SUM(AJ2:AJ8) -> 0 | AK9: =SUM(AK2:AK8) -> 0 | AL9: =SUM(AL2:AL8) -> 0 | AM9: =SUM(AM2:AM8) -> 0 | AN9: =SUM(AN2:AN8) -> 6599
B11: 学段 | C11: 学科 | D11: 月任务 | E11: 当日课时 | F11: 累计课时 | G11: 完成率 | H11: 25年3月课时 | I11: 同比增长率
B12: 初中 | C12: =A2 -> 初数北区 | D12: =B2 -> 1126 | E12: =I2 -> 0 | F12: =K2 -> 0 | G12: =F12/D12 -> 0 | H12: =AN2 -> 936.5 | I12: =(F12-H12)/H12 -> -1
C13: =A3 -> 初中物理 | D13: =B3 -> 1092 | E13: =I3 -> 0 | F13: =K3 -> 0 | G13: =F13/D13 -> 0 | H13: =AN3 -> 847 | I13: =(F13-H13)/H13 -> -1
C14: =A4 -> 初中英语 | D14: =B4 -> 1552 | E14: =I4 -> 0 | F14: =K4 -> 0 | G14: =F14/D14 -> 0 | H14: =AN4 -> 1346 | I14: =(F14-H14)/H14 -> -1
C15: =A5 -> 初中生化 | D15: =B5 -> 467 | E15: =I5 -> 0 | F15: =K5 -> 0 | G15: =F15/D15 -> 0 | H15: =AN5 -> 772.5 | I15: =(F15-H15)/H15 -> -1
C16: =A6 -> 初中文综 | D16: =B6 -> 742 | E16: =I6 -> 0 | F16: =K6 -> 0 | G16: =F16/D16 -> 0 | H16: =AN6 -> 981.5 | I16: =(F16-H16)/H16 -> -1
C17: =A7 -> 初数南区 | D17: =B7 -> 1364 | E17: =I7 -> 0 | F17: =K7 -> 0 | G17: =F17/D17 -> 0 | H17: =AN7 -> 1134.5 | I17: =(F17-H17)/H17 -> -1
C18: =A8 -> 初中语文 | D18: =B8 -> 705 | E18: =I8 -> 0 | F18: =K8 -> 0 | G18: =F18/D18 -> 0 | H18: =AN8 -> 581 | I18: =(F18-H18)/H18 -> -1
B19: 总计 | C19: 总计 | D19: =SUM(D12:D18) -> 7048 | E19: =SUM(E12:E18) -> 0 | F19: =SUM(F12:F18) -> 0 | G19: =F19/D19 -> 0 | H19: =SUM(H12:H18) -> 6599 | I19: =(F19-H19)/H19 -> -1

Sheet Sheet1
A2: 10月初中课时任务季度
A3: 学科组 | B3: 任务 | C3: 月完成 | D3: 月差额 | E3: 第1周任务 | F3: 第1周实际 | G3: 第1周差额 | H3: 第2周任务 | I3: 第2周实际 | J3: 第2周差额 | K3: 第3周任务 | L3: 第3周实际 | M3: 第3周差额 | N3: 第4周任务 | O3: 第4周实际 | P3: 第4周差额
A4: 初数北区 | B4: 868 | C4: =F4+I4+L4+O4 -> 313.5 | D4: =C4-B4 -> -554.5 | E4: =B4*0.5 -> 434 | F4: 313.5 | G4: =F4-E4 -> -120.5 | H4: =B4*0.08 -> 69.44 | K4: =E4*0.2 -> 86.8 | N4: =H4*0.22 -> 15.2768
A5: 初数南区 | B5: 1208 | C5: =F5+I5+L5+O5 -> 273.5 | D5: =C5-B5 -> -934.5 | E5: =B5*0.5 -> 604 | F5: 273.5 | G5: =F5-E5 -> -330.5 | H5: =B5*0.08 -> 96.64 | K5: =E5*0.2 -> 120.8 | N5: =H5*0.22 -> 21.2608
A6: 初中生化 | B6: 338 | C6: =F6+I6+L6+O6 -> 51.5 | D6: =C6-B6 -> -286.5 | E6: =B6*0.5 -> 169 | F6: 51.5 | G6: =F6-E6 -> -117.5 | H6: =B6*0.08 -> 27.04 | K6: =E6*0.2 -> 33.8 | N6: =H6*0.22 -> 5.9488
A7: 初中文综 | B7: 619 | C7: =F7+I7+L7+O7 -> 64.5 | D7: =C7-B7 -> -554.5 | E7: =B7*0.5 -> 309.5 | F7: 64.5 | G7: =F7-E7 -> -245 | H7: =B7*0.08 -> 49.52 | K7: =E7*0.2 -> 61.9 | N7: =H7*0.22 -> 10.8944
A8: 初中物理 | B8: 706 | C8: =F8+I8+L8+O8 -> 179.5 | D8: =C8-B8 -> -526.5 | E8: =B8*0.5 -> 353 | F8: 179.5 | G8: =F8-E8 -> -173.5 | H8: =B8*0.08 -> 56.48 | K8: =E8*0.2 -> 70.6 | N8: =H8*0.22 -> 12.4256
A9: 初中英语 | B9: 1083 | C9: =F9+I9+L9+O9 -> 351.5 | D9: =C9-B9 -> -731.5 | E9: =B9*0.5 -> 541.5 | F9: 351.5 | G9: =F9-E9 -> -190 | H9: =B9*0.08 -> 86.64 | K9: =E9*0.2 -> 108.3 | N9: =H9*0.22 -> 19.0608
A10: 初中语文 | B10: 572 | C10: =F10+I10+L10+O10 -> 127 | D10: =C10-B10 -> -445 | E10: =B10*0.5 -> 286 | F10: 127 | G10: =F10-E10 -> -159 | H10: =B10*0.08 -> 45.76 | K10: =E10*0.2 -> 57.2 | N10: =H10*0.22 -> 10.0672
A11: 合计 | B11: =SUM(B4:B10) -> 5394 | C11: =SUM(C4:C10) -> 1361 | D11: =SUM(D4:D10) -> -4033 | E11: =SUM(E4:E10) -> 2697 | F11: =SUM(F4:F10) -> 1361 | G11: =SUM(G4:G10) -> -1336 | H11: =SUM(H4:H10) -> 431.52 | I11: =SUM(I4:I10) -> 0 | ... P11: =SUM(P4:P10) -> 0
